mutation,date,time,freq,counts
HA8M,2012-07-11,-90,0.046875,3
HA8M,2012-08-10,-60,0.1694915254237288,10
HA8M,2012-09-09,-30,0.17391304347826084,4
HA8M,2012-10-09,0,0.2727272727272727,12
HA8M,2012-11-08,30,0.18032786885245905,11
HA8M,2012-12-08,60,0.17751479289940827,30
HA8M,2013-01-07,90,0.1607717041800643,50
HA8M,2013-02-06,120,0.140625,54
HA8M,2013-03-08,150,0.10038610038610038,26
HA8M,2013-04-07,180,0.14074074074074075,19
HA8M,2013-05-07,210,0.08433734939759037,7
HA8M,2013-06-06,240,0.060869565217391314,7
HA8M,2013-07-06,270,0.040404040404040414,4
HA13T,2014-12-28,-90,0.04,5
HA13T,2015-01-27,-60,0.14285714285714285,29
HA13T,2015-02-26,-30,0.17012448132780086,41
HA13T,2015-03-28,0,0.30246913580246915,49
HA13T,2015-04-27,30,0.3470588235294117,59
HA13T,2015-05-27,60,0.4343434343434344,43
HA13T,2015-06-26,90,0.35135135135135137,26
HA13T,2015-07-26,120,0.35714285714285715,20
HA13T,2015-08-25,150,0.525,42
HA13T,2015-09-24,180,0.6577181208053692,98
HA13T,2015-10-24,210,0.7842105263157895,149
HA13T,2015-11-23,240,0.8742857142857143,306
HA13T,2015-12-23,270,0.9270588235294116,788
HA13T,2016-01-22,300,0.9593392630241424,1510
HA91R,2016-12-17,-120,0.016666666666666666,2
HA91R,2017-01-16,-90,0.08461538461538462,22
HA91R,2017-02-15,-60,0.16111111111111112,29
HA91R,2017-03-17,-30,0.3716216216216216,55
HA91R,2017-04-16,0,0.2532467532467532,39
HA91R,2017-05-16,30,0.4973262032085562,93
HA91R,2017-06-15,60,0.6901408450704225,98
HA91R,2017-07-15,90,0.5775862068965517,67
HA91R,2017-08-14,120,0.7596899224806202,98
HA91R,2017-09-13,150,0.8875,142
HA91R,2017-10-13,180,0.9041095890410958,198
HA91R,2017-11-12,210,0.9201520912547528,242
HA91R,2017-12-12,240,0.9709923664122138,636
HA101N,2014-12-28,-90,0.038461538461538464,5
HA101N,2015-01-27,-60,0.14622641509433962,31
HA101N,2015-02-26,-30,0.16115702479338842,39
HA101N,2015-03-28,0,0.30246913580246915,49
HA101N,2015-04-27,30,0.3470588235294117,59
HA101N,2015-05-27,60,0.4343434343434344,43
HA101N,2015-06-26,90,0.28378378378378377,21
HA101N,2015-07-26,120,0.21428571428571427,12
HA101N,2015-08-25,150,0.4375,35
HA101N,2015-09-24,180,0.6174496644295302,92
HA101N,2015-10-24,210,0.7068062827225131,135
HA101N,2015-11-23,240,0.7492877492877493,263
HA101N,2015-12-23,270,0.7932636469221835,683
HA101N,2016-01-22,300,0.9176029962546816,1470
HA101N,2016-02-21,330,0.9419152276295132,1200
HA101N,2016-03-22,360,0.9407069555302168,825
HA101N,2016-04-21,390,0.9372693726937268,508
HA101N,2016-05-21,420,0.9315068493150684,204
HA101N,2016-06-20,450,0.9622641509433962,153
HA114N,2009-10-25,-660,0.04470198675496689,54
HA114N,2009-11-24,-630,0.07889908256880734,86
HA114N,2009-12-24,-600,0.0578386605783866,38
HA114N,2010-01-23,-570,0.09862385321100918,43
HA114N,2010-02-22,-540,0.09009009009009007,20
HA114N,2010-03-24,-510,0.1011904761904762,17
HA114N,2010-04-23,-480,0.04301075268817205,4
HA114N,2010-05-23,-450,0.09333333333333334,7
HA114N,2010-06-22,-420,0.06666666666666668,7
HA114N,2010-07-22,-390,0.08743169398907104,16
HA114N,2010-08-21,-360,0.10606060606060606,21
HA114N,2010-09-20,-330,0.13636363636363635,21
HA114N,2010-10-20,-300,0.20388349514563106,21
HA114N,2010-11-19,-270,0.3533834586466165,47
HA114N,2010-12-19,-240,0.5043988269794721,172
HA114N,2011-01-18,-210,0.532967032967033,291
HA114N,2011-02-17,-180,0.48,204
HA114N,2011-03-19,-150,0.4244186046511628,73
HA114N,2011-04-18,-120,0.35714285714285715,25
HA114N,2011-05-18,-90,0.5,25
HA114N,2011-06-17,-60,0.5753424657534246,42
HA114N,2011-07-17,-30,0.4252873563218391,37
HA114N,2011-08-16,0,0.3114754098360656,19
HA114N,2011-09-15,30,0.2647058823529412,9
HA114N,2011-10-15,60,0.6545454545454545,36
HA114N,2011-11-14,90,0.6904761904761905,29
HA114N,2011-12-14,120,0.725,29
HA114N,2012-01-13,150,0.21359223300970875,22
HA114N,2012-02-12,180,0.2619047619047619,33
HA114N,2012-03-13,210,0.2462686567164179,33
HA114N,2012-04-12,240,0.3478260869565217,24
HA114N,2012-05-12,270,0.6037735849056604,32
HA114N,2012-06-11,300,0.6052631578947368,46
HA114N,2012-07-11,330,0.71875,46
HA114N,2012-08-10,360,0.7118644067796609,42
HA114N,2012-09-09,390,0.44,11
HA114N,2012-10-09,420,0.4318181818181818,19
HA114N,2012-11-08,450,0.7096774193548387,44
HA114N,2012-12-08,480,0.7235294117647059,123
HA114N,2013-01-07,510,0.7804154302670623,263
HA114N,2013-02-06,540,0.8333333333333334,345
HA114N,2013-03-08,570,0.8786764705882353,239
HA114N,2013-04-07,600,0.8345323741007195,116
HA114N,2013-05-07,630,0.9195402298850576,80
HA114N,2013-06-06,660,0.9316239316239316,109
HA114N,2013-07-06,690,0.9405940594059404,95
HA114N,2013-08-05,720,0.9743589743589745,76
HA129K,2011-05-18,-60,0.04,2
HA129K,2011-06-17,-30,0.1232876712328767,9
HA129K,2011-07-17,0,0.2988505747126437,26
HA129K,2011-08-16,30,0.09836065573770493,6
HA129K,2011-09-15,60,0.05882352941176471,2
HA129K,2011-10-15,90,0.01818181818181818,1
HA137A,2017-10-13,-150,0.0319634703196347,7
HA137A,2017-11-12,-120,0.07604562737642585,20
HA137A,2017-12-12,-90,0.20305343511450386,133
HA137A,2018-01-11,-60,0.2263549415515409,213
HA137A,2018-02-10,-30,0.2290362953692115,183
HA137A,2018-03-12,0,0.2987197724039829,210
HA137A,2018-04-11,30,0.30279898218829515,119
HA137A,2018-05-11,60,0.1568627450980392,40
HA137A,2018-06-10,90,0.2129380053908356,79
HA137A,2018-07-10,120,0.32558139534883723,126
HA137A,2018-08-09,150,0.35294117647058826,96
HA137A,2018-09-08,180,0.2684563758389262,80
HA137A,2018-10-08,210,0.26865671641791045,90
HA137A,2018-11-07,240,0.1419098143236074,107
HA137A,2018-12-07,270,0.14665523156089194,171
HA137A,2019-01-06,300,0.14180602006688964,212
HA137A,2019-02-05,330,0.12159174649963155,165
HA137A,2019-03-07,360,0.11826923076923075,123
HA137A,2019-04-06,390,0.058912386706948636,39
HA137A,2019-05-06,420,0.03746397694524496,13
HA142D,2010-01-23,-90,0.02288329519450801,10
HA142D,2010-02-22,-60,0.058558558558558564,13
HA142D,2010-03-24,-30,0.13253012048192772,22
HA142D,2010-04-23,0,0.2903225806451613,27
HA142D,2010-05-23,30,0.4864864864864865,36
HA142D,2010-06-22,60,0.4952380952380953,52
HA142D,2010-07-22,90,0.44808743169398907,82
HA142D,2010-08-21,120,0.3333333333333333,66
HA142D,2010-09-20,150,0.3311688311688312,51
HA142D,2010-10-20,180,0.22115384615384612,23
HA142D,2010-11-19,210,0.08208955223880597,11
HA142D,2010-12-19,240,0.06744868035190615,23
HA142D,2011-01-18,270,0.03669724770642202,20
HA146D,2018-09-08,-60,0.04697986577181208,14
HA146D,2018-10-08,-30,0.08358208955223881,28
HA146D,2018-11-07,0,0.26790450928381965,202
HA146D,2018-12-07,30,0.32274678111587984,376
HA146D,2019-01-06,60,0.4310575635876841,644
HA146D,2019-02-05,90,0.4823269513991164,655
HA146D,2019-03-07,120,0.5576923076923077,580
HA146D,2019-04-06,150,0.5755287009063444,381
HA146D,2019-05-06,180,0.6127167630057804,212
HA146D,2019-06-05,210,0.7277227722772277,294
HA146D,2019-07-05,240,0.7703180212014135,218
HA146D,2019-08-04,270,0.726027397260274,106
HA146D,2019-09-03,300,0.6711711711711712,149
HA146D,2019-10-03,330,0.7272727272727273,232
HA146D,2019-11-02,360,0.7478448275862069,347
HA146D,2019-12-02,390,0.7702448210922788,818
HA146D,2020-01-01,420,0.8534107402031931,1176
HA146D,2020-01-31,450,0.9382957884427032,958
HA147N,2019-02-05,-330,0.034635224760501106,47
HA147N,2019-03-07,-300,0.11634615384615385,121
HA147N,2019-04-06,-270,0.22239031770045387,147
HA147N,2019-05-06,-240,0.2334293948126801,81
HA147N,2019-06-05,-210,0.2091346153846154,87
HA147N,2019-07-05,-180,0.1951219512195122,56
HA147N,2019-08-04,-150,0.1506849315068493,22
HA147N,2019-09-03,-120,0.19282511210762326,43
HA147N,2019-10-03,-90,0.18181818181818185,58
HA147N,2019-11-02,-60,0.14498933901918976,68
HA147N,2019-12-02,-30,0.2080979284369115,221
HA147N,2020-01-01,0,0.2956521739130435,408
HA147N,2020-01-31,30,0.4378060724779628,447
HA155R,2011-11-14,-30,0.024390243902439025,1
HA155R,2011-12-14,0,0.325,13
HA155R,2012-01-13,30,0.11650485436893206,12
HA155R,2012-02-12,60,0.1349206349206349,17
HA155R,2012-03-13,90,0.11940298507462685,16
HA155R,2012-04-12,120,0.2463768115942029,17
HA155R,2012-05-12,150,0.18867924528301888,10
HA155R,2012-06-11,180,0.11842105263157895,9
HA155R,2012-07-11,210,0.265625,17
HA155R,2012-08-10,240,0.1694915254237288,10
HA155R,2012-09-09,270,0.12,3
HA155R,2012-10-09,300,0.25,11
HA155R,2012-11-08,330,0.1774193548387097,11
HA155R,2012-12-08,360,0.10588235294117647,18
HA155R,2013-01-07,390,0.032640949554896145,11
HA160G,2010-09-20,-180,0.045454545454545456,7
HA160G,2010-10-20,-150,0.08653846153846154,9
HA160G,2010-11-19,-120,0.07462686567164177,10
HA160G,2010-12-19,-90,0.14076246334310852,48
HA160G,2011-01-18,-60,0.1813186813186813,99
HA160G,2011-02-17,-30,0.24235294117647055,103
HA160G,2011-03-19,0,0.3081395348837209,53
HA160G,2011-04-18,30,0.4,28
HA160G,2011-05-18,60,0.4,20
HA160G,2011-06-17,90,0.3835616438356164,28
HA160G,2011-07-17,120,0.5116279069767442,44
HA160G,2011-08-16,150,0.6229508196721312,38
HA160G,2011-09-15,180,0.5588235294117647,19
HA160G,2011-10-15,210,0.2545454545454545,14
HA160G,2011-11-14,240,0.30952380952380953,13
HA160G,2011-12-14,270,0.275,11
HA160G,2012-01-13,300,0.7669902912621359,79
HA160G,2012-02-12,330,0.7380952380952381,93
HA160G,2012-03-13,360,0.7089552238805971,95
HA160G,2012-04-12,390,0.6231884057971014,43
HA160G,2012-05-12,420,0.33962264150943394,18
HA160G,2012-06-11,450,0.35526315789473684,27
HA160G,2012-07-11,480,0.28125,18
HA160G,2012-08-10,510,0.2542372881355932,15
HA160G,2012-09-09,540,0.44,11
HA160G,2012-10-09,570,0.4318181818181818,19
HA160G,2012-11-08,600,0.1774193548387097,11
HA160G,2012-12-08,630,0.21176470588235294,36
HA160G,2013-01-07,660,0.198813056379822,67
HA160G,2013-02-06,690,0.14492753623188406,60
HA160G,2013-03-08,720,0.10661764705882353,29
HA160G,2013-04-07,750,0.1366906474820144,19
HA160G,2013-05-07,780,0.10344827586206896,9
HA160G,2013-06-06,810,0.06837606837606837,8
HA160G,2013-07-06,840,0.0396039603960396,4
HA179N,2015-07-26,-60,0.03571428571428571,2
HA179N,2015-08-25,-30,0.175,14
HA179N,2015-09-24,0,0.31543624161073824,47
HA179N,2015-10-24,30,0.4345549738219896,83
HA179N,2015-11-23,60,0.6314285714285715,221
HA179N,2015-12-23,90,0.7648428405122235,657
HA179N,2016-01-22,120,0.902439024390244,1443
HA179N,2016-02-21,150,0.9268867924528302,1179
HA179N,2016-03-22,180,0.9371428571428572,820
HA179N,2016-04-21,210,0.9168207024029574,496
HA179N,2016-05-21,240,0.8995433789954338,197
HA179N,2016-06-20,270,0.9433962264150944,150
HA179N,2016-07-20,300,0.963302752293578,105
HA180Q,2012-11-08,-180,0.049180327868852465,3
HA180Q,2012-12-08,-150,0.06470588235294117,11
HA180Q,2013-01-07,-120,0.03560830860534125,12
HA180Q,2013-02-06,-90,0.05314009661835749,22
HA180Q,2013-03-08,-60,0.09191176470588236,25
HA180Q,2013-04-07,-30,0.2158273381294964,30
HA180Q,2013-05-07,0,0.25287356321839083,22
HA180Q,2013-06-06,30,0.4700854700854701,55
HA180Q,2013-07-06,60,0.5742574257425742,58
HA180Q,2013-08-05,90,0.6794871794871795,53
HA180Q,2013-09-04,120,0.6428571428571429,45
HA180Q,2013-10-04,150,0.7142857142857143,75
HA180Q,2013-11-03,180,0.8846153846153846,138
HA180Q,2013-12-03,210,0.9431818181818182,332
HA180Q,2014-01-02,240,0.9849056603773584,522
HA181T,2017-04-16,-60,0.025974025974025976,4
HA181T,2017-05-16,-30,0.14516129032258066,27
HA181T,2017-06-15,0,0.323943661971831,46
HA181T,2017-07-15,30,0.3448275862068966,40
HA181T,2017-08-14,60,0.6328125,81
HA181T,2017-09-13,90,0.6878980891719745,108
HA181T,2017-10-13,120,0.7945205479452054,174
HA181T,2017-11-12,150,0.9118773946360154,238
HA181T,2017-12-12,180,0.9615975422427036,626
HA200P,2016-04-21,-150,0.022140221402214017,12
HA200P,2016-05-21,-120,0.05045871559633028,11
HA200P,2016-06-20,-90,0.0880503144654088,14
HA200P,2016-07-20,-60,0.08256880733944955,9
HA200P,2016-08-19,-30,0.1206896551724138,7
HA200P,2016-09-18,0,0.25555555555555554,23
HA200P,2016-10-18,30,0.2432432432432433,36
HA200P,2016-11-17,60,0.22033898305084745,26
HA200P,2016-12-17,90,0.19166666666666668,23
HA200P,2017-01-16,120,0.1807692307692308,47
HA200P,2017-02-15,150,0.18888888888888888,34
HA200P,2017-03-17,180,0.21621621621621626,32
HA200P,2017-04-16,210,0.07142857142857142,11
HA200P,2017-05-16,240,0.0427807486631016,8
HA200P,2017-09-13,-60,0.05,8
HA200P,2017-10-13,-30,0.1461187214611872,32
HA200P,2017-11-12,0,0.2737642585551331,72
HA200P,2017-12-12,30,0.2415902140672783,158
HA200P,2018-01-11,60,0.34643995749202977,326
HA200P,2018-02-10,90,0.4868585732165207,389
HA200P,2018-03-12,120,0.4480796586059744,315
HA200P,2018-04-11,150,0.5572519083969466,219
HA200P,2018-05-11,180,0.615686274509804,157
HA200P,2018-06-10,210,0.5849056603773585,217
HA200P,2018-07-10,240,0.7286821705426356,282
HA200P,2018-08-09,270,0.8051470588235294,219
HA200P,2018-09-08,300,0.7986577181208053,238
HA200P,2018-10-08,330,0.7701492537313432,258
HA200P,2018-11-07,360,0.8342175066312998,629
HA200P,2018-12-07,390,0.81662382176521,953
HA200P,2019-01-06,420,0.8929765886287625,1335
HA200P,2019-02-05,450,0.9212076583210604,1251
HA200P,2019-03-07,480,0.9509143407122232,988
HA202T,2010-04-23,-120,0.0,0
HA202T,2010-05-23,-90,0.08,6
HA202T,2010-06-22,-60,0.028571428571428567,3
HA202T,2010-07-22,-30,0.060109289617486336,11
HA202T,2010-08-21,0,0.2777777777777778,55
HA202T,2010-09-20,30,0.37662337662337664,58
HA202T,2010-10-20,60,0.4660194174757282,48
HA202T,2010-11-19,90,0.5,67
HA202T,2010-12-19,120,0.6392961876832844,218
HA202T,2011-01-18,150,0.6550458715596329,357
HA202T,2011-02-17,180,0.6447058823529411,274
HA202T,2011-03-19,210,0.6802325581395349,117
HA202T,2011-04-18,240,0.6857142857142857,48
HA202T,2011-05-18,270,0.74,37
HA202T,2011-06-17,300,0.8082191780821918,59
HA202T,2011-07-17,330,0.7790697674418605,67
HA202T,2011-08-16,360,0.8166666666666667,49
HA202T,2011-09-15,390,0.7058823529411765,24
HA202T,2011-10-15,420,0.8545454545454545,47
HA202T,2011-11-14,450,0.7317073170731707,30
HA202T,2011-12-14,480,0.775,31
HA202T,2012-01-13,510,0.931372549019608,95
HA202T,2012-02-12,540,0.9365079365079364,118
HA202T,2012-03-13,570,0.9029850746268656,121
HA202T,2012-04-12,600,0.9565217391304348,66
HA202T,2012-05-12,630,0.8867924528301887,47
HA202T,2012-06-11,660,0.8441558441558441,65
HA202T,2012-07-11,690,0.9230769230769232,60
HA202T,2012-08-10,720,0.9491525423728814,56
HA202T,2012-09-09,750,0.92,23
HA202T,2012-10-09,780,0.9318181818181818,41
HA202T,2012-11-08,810,0.9032258064516128,56
HA202T,2012-12-08,840,0.9529411764705882,162
HA204A,2019-07-05,-90,0.0498220640569395,14
HA204A,2019-08-04,-60,0.08029197080291971,11
HA204A,2019-09-03,-30,0.14953271028037382,32
HA204A,2019-10-03,0,0.3433333333333333,103
HA204A,2019-11-02,30,0.4212860310421286,190
HA204A,2019-12-02,60,0.5599613152804642,579
HA204A,2020-01-01,90,0.5392516507703595,735
HA204A,2020-01-31,120,0.4461994076999013,452
HA214T,2010-07-22,-210,0.0,0
HA214T,2010-08-21,-180,0.15151515151515152,30
HA214T,2010-09-20,-150,0.15584415584415584,24
HA214T,2010-10-20,-120,0.15384615384615385,16
HA214T,2010-11-19,-90,0.13432835820895522,18
HA214T,2010-12-19,-60,0.20821114369501467,71
HA214T,2011-01-18,-30,0.22935779816513766,125
HA214T,2011-02-17,0,0.2735849056603773,116
HA214T,2011-03-19,30,0.3430232558139535,59
HA214T,2011-04-18,60,0.4428571428571429,31
HA214T,2011-05-18,90,0.4,20
HA214T,2011-06-17,120,0.3835616438356164,28
HA214T,2011-07-17,150,0.5119047619047619,43
HA214T,2011-08-16,180,0.65,39
HA214T,2011-09-15,210,0.5588235294117647,19
HA214T,2011-10-15,240,0.2727272727272727,15
HA214T,2011-11-14,270,0.30952380952380953,13
HA214T,2011-12-14,300,0.275,11
HA214T,2012-01-13,330,0.7549019607843137,77
HA214T,2012-02-12,360,0.7698412698412699,97
HA214T,2012-03-13,390,0.7238805970149254,97
HA214T,2012-04-12,420,0.6376811594202898,44
HA214T,2012-05-12,450,0.33962264150943394,18
HA214T,2012-06-11,480,0.35526315789473684,27
HA214T,2012-07-11,510,0.25,16
HA214T,2012-08-10,540,0.2711864406779661,16
HA214T,2012-09-09,570,0.52,13
HA214T,2012-10-09,600,0.5,22
HA214T,2012-11-08,630,0.1774193548387097,11
HA214T,2012-12-08,660,0.2235294117647059,38
HA214T,2013-01-07,690,0.2023809523809524,68
HA214T,2013-02-06,720,0.14285714285714285,59
HA214T,2013-03-08,750,0.1033210332103321,28
HA214T,2013-04-07,780,0.1366906474820144,19
HA214T,2013-05-07,810,0.06976744186046513,6
HA214T,2013-06-06,840,0.06837606837606837,8
HA214T,2013-07-06,870,0.0396039603960396,4
HA220T,2009-02-27,-30,0.0,0
HA220T,2009-03-29,0,0.2553191489361702,12
HA220T,2009-04-28,30,0.25,171
HA220T,2009-05-28,60,0.5177914110429448,422
HA220T,2009-06-27,90,0.760352422907489,863
HA220T,2009-07-27,120,0.8166189111747851,855
HA220T,2009-08-26,150,0.864321608040201,688
HA220T,2009-09-25,180,0.9265687583444592,694
HA220T,2009-10-25,210,0.955592105263158,1162
HA222K,2010-10-20,-390,0.04854368932038835,5
HA222K,2010-11-19,-360,0.12781954887218044,17
HA222K,2010-12-19,-330,0.12023460410557185,41
HA222K,2011-01-18,-300,0.1794871794871795,98
HA222K,2011-02-17,-270,0.1623529411764706,69
HA222K,2011-03-19,-240,0.1569767441860465,27
HA222K,2011-04-18,-210,0.1,7
HA222K,2011-05-18,-180,0.22,11
HA222K,2011-06-17,-150,0.1506849315068493,11
HA222K,2011-07-17,-120,0.13793103448275862,12
HA222K,2011-08-16,-90,0.14754098360655735,9
HA222K,2011-09-15,-60,0.1176470588235294,4
HA222K,2011-10-15,-30,0.054545454545454536,3
HA222K,2011-11-14,0,0.2682926829268293,11
HA222K,2011-12-14,30,0.225,9
HA222K,2012-01-13,60,0.03883495145631068,4
HA232G,2016-07-20,-60,0.037383177570093455,4
HA232G,2016-08-19,-30,0.07142857142857142,4
HA232G,2016-09-18,0,0.2988505747126437,26
HA232G,2016-10-18,30,0.3007518796992481,40
HA232G,2016-11-17,60,0.35135135135135137,39
HA232G,2016-12-17,90,0.26548672566371684,30
HA232G,2017-01-16,120,0.11673151750972766,30
HA232G,2017-02-15,150,0.06779661016949153,12
HA232G,2017-03-17,180,0.05755395683453238,8
HA232G,2017-04-16,210,0.0273972602739726,4
HA233T,2015-07-26,-60,0.03636363636363636,2
HA233T,2015-08-25,-30,0.175,14
HA233T,2015-09-24,0,0.31543624161073824,47
HA233T,2015-10-24,30,0.4345549738219896,83
HA233T,2015-11-23,60,0.6438746438746439,226
HA233T,2015-12-23,90,0.763953488372093,657
HA233T,2016-01-22,120,0.9025608994378512,1445
HA233T,2016-02-21,150,0.9277864992150706,1182
HA233T,2016-03-22,180,0.9383561643835616,822
HA233T,2016-04-21,210,0.9095940959409594,493
HA233T,2016-05-21,240,0.8949771689497716,196
HA233T,2016-06-20,270,0.949685534591195,151
HA233T,2016-07-20,300,0.963302752293578,105
HA233V,2010-09-20,-420,0.01948051948051948,3
HA233V,2010-10-20,-390,0.06796116504854369,7
HA233V,2010-11-19,-360,0.1044776119402985,14
HA233V,2010-12-19,-330,0.11730205278592375,40
HA233V,2011-01-18,-300,0.173992673992674,95
HA233V,2011-02-17,-270,0.15529411764705886,66
HA233V,2011-03-19,-240,0.1511627906976744,26
HA233V,2011-04-18,-210,0.08571428571428573,6
HA233V,2011-05-18,-180,0.16326530612244894,8
HA233V,2011-06-17,-150,0.1506849315068493,11
HA233V,2011-07-17,-120,0.13793103448275862,12
HA233V,2011-08-16,-90,0.14754098360655735,9
HA233V,2011-09-15,-60,0.1176470588235294,4
HA233V,2011-10-15,-30,0.054545454545454536,3
HA233V,2011-11-14,0,0.2619047619047619,11
HA233V,2011-12-14,30,0.225,9
HA233V,2012-01-13,60,0.04854368932038835,5
HA233V,2012-02-12,90,0.05555555555555555,7
HA233V,2012-03-13,120,0.06766917293233082,9
HA233V,2012-04-12,150,0.028985507246376805,2
HA233V,2012-05-12,180,0.05660377358490566,3
HA233V,2012-06-11,210,0.11688311688311688,9
HA233V,2012-07-11,240,0.030769230769230767,2
HA251I,2012-08-10,-360,0.0,0
HA251I,2012-09-09,-330,0.08,2
HA251I,2012-10-09,-300,0.09090909090909093,4
HA251I,2012-11-08,-270,0.4354838709677419,27
HA251I,2012-12-08,-240,0.5294117647058824,90
HA251I,2013-01-07,-210,0.685459940652819,231
HA251I,2013-02-06,-180,0.7077294685990339,293
HA251I,2013-03-08,-150,0.75,204
HA251I,2013-04-07,-120,0.5899280575539568,82
HA251I,2013-05-07,-90,0.6436781609195402,56
HA251I,2013-06-06,-60,0.4444444444444444,52
HA251I,2013-07-06,-30,0.3663366336633663,37
HA251I,2013-08-05,0,0.2692307692307692,21
HA251I,2013-09-04,30,0.4,28
HA251I,2013-10-04,60,0.26666666666666666,28
HA251I,2013-11-03,90,0.1153846153846154,18
HA251I,2013-12-03,120,0.0625,22
HA251I,2014-01-02,150,0.011320754716981131,6
HA266L,2010-10-20,-540,0.038461538461538464,4
HA266L,2010-11-19,-510,0.11194029850746268,15
HA266L,2010-12-19,-480,0.1378299120234604,47
HA266L,2011-01-18,-450,0.17582417582417584,96
HA266L,2011-02-17,-420,0.15294117647058825,65
HA266L,2011-03-19,-390,0.14534883720930233,25
HA266L,2011-04-18,-360,0.08571428571428573,6
HA266L,2011-05-18,-330,0.18,9
HA266L,2011-06-17,-300,0.1506849315068493,11
HA266L,2011-07-17,-270,0.13793103448275862,12
HA266L,2011-08-16,-240,0.14754098360655735,9
HA266L,2011-09-15,-210,0.14705882352941174,5
HA266L,2011-10-15,-180,0.054545454545454536,3
HA266L,2011-11-14,-150,0.35714285714285715,15
HA266L,2011-12-14,-120,0.55,22
HA266L,2012-01-13,-90,0.1650485436893204,17
HA266L,2012-02-12,-60,0.1746031746031746,22
HA266L,2012-03-13,-30,0.1791044776119403,24
HA266L,2012-04-12,0,0.2608695652173913,18
HA266L,2012-05-12,30,0.2452830188679245,13
HA266L,2012-06-11,60,0.23376623376623376,18
HA266L,2012-07-11,90,0.3230769230769231,21
HA266L,2012-08-10,120,0.2033898305084746,12
HA266L,2012-09-09,150,0.16,4
HA266L,2012-10-09,180,0.25,11
HA266L,2012-11-08,210,0.1774193548387097,11
HA266L,2012-12-08,240,0.10588235294117647,18
HA266L,2013-01-07,270,0.03857566765578635,13
HA273T,2012-10-09,-210,0.0,0
HA273T,2012-11-08,-180,0.13114754098360654,8
HA273T,2012-12-08,-150,0.08235294117647059,14
HA273T,2013-01-07,-120,0.04451038575667656,15
HA273T,2013-02-06,-90,0.05555555555555555,23
HA273T,2013-03-08,-60,0.09558823529411764,26
HA273T,2013-04-07,-30,0.2158273381294964,30
HA273T,2013-05-07,0,0.25287356321839083,22
HA273T,2013-06-06,30,0.4786324786324786,56
HA273T,2013-07-06,60,0.5742574257425742,58
HA273T,2013-08-05,90,0.6666666666666666,52
HA273T,2013-09-04,120,0.6428571428571429,45
HA273T,2013-10-04,150,0.7142857142857143,75
HA273T,2013-11-03,180,0.8846153846153846,138
HA273T,2013-12-03,210,0.9431818181818182,332
HA273T,2014-01-02,240,0.9830188679245284,521
HA277D,2017-12-12,-330,0.03206106870229008,21
HA277D,2018-01-11,-300,0.07757704569606799,73
HA277D,2018-02-10,-270,0.1013767209011264,81
HA277D,2018-03-12,-240,0.1166429587482219,82
HA277D,2018-04-11,-210,0.1450381679389313,57
HA277D,2018-05-11,-180,0.09411764705882353,24
HA277D,2018-06-10,-150,0.0673854447439353,25
HA277D,2018-07-10,-120,0.09302325581395347,36
HA277D,2018-08-09,-90,0.09926470588235294,27
HA277D,2018-09-08,-60,0.12080536912751677,36
HA277D,2018-10-08,-30,0.16119402985074627,54
HA277D,2018-11-07,0,0.3090185676392573,233
HA277D,2018-12-07,30,0.3636363636363637,424
HA277D,2019-01-06,60,0.4675150703281983,698
HA277D,2019-02-05,90,0.5220913107511046,709
HA277D,2019-03-07,120,0.6159769008662175,640
HA277D,2019-04-06,150,0.729607250755287,483
HA277D,2019-05-06,180,0.8501440922190202,295
HA277D,2019-06-05,210,0.9261904761904762,389
HA277D,2019-07-05,240,0.9545454545454546,273
HA277D,2019-08-04,270,0.8150684931506851,119
HA277D,2019-09-03,300,0.8340807174887892,186
HA277D,2019-10-03,330,0.8965517241379308,286
HA277D,2019-11-02,360,0.8955223880597015,420
HA277D,2019-12-02,390,0.93703007518797,997
HA277D,2020-01-01,420,0.9377713458755428,1296
HA277D,2020-01-31,450,0.9745347698334964,995
HA277T,2012-04-12,-30,0.028985507246376805,2
HA277T,2012-05-12,0,0.3018867924528302,16
HA277T,2012-06-11,30,0.2727272727272727,21
HA277T,2012-07-11,60,0.2,13
HA277T,2012-08-10,90,0.23728813559322035,14
HA277T,2012-09-09,120,0.16,4
HA277T,2012-10-09,150,0.022727272727272728,1
HA341V,2016-12-17,-150,0.03361344537815126,4
HA341V,2017-01-16,-120,0.2,52
HA341V,2017-02-15,-90,0.16111111111111112,29
HA341V,2017-03-17,-60,0.19594594594594594,29
HA341V,2017-04-16,-30,0.4090909090909091,63
HA341V,2017-05-16,0,0.31016042780748665,58
HA341V,2017-06-15,30,0.16783216783216784,24
HA341V,2017-07-15,60,0.2327586206896552,27
HA341V,2017-08-14,90,0.125,16
HA341V,2017-09-13,120,0.0125,2
HA341V,2017-10-13,150,0.0502283105022831,11
HA341V,2017-11-12,180,0.034220532319391636,9
HA391K,2009-07-27,-90,0.020019065776930408,21
HA391K,2009-08-26,-60,0.07924528301886792,63
HA391K,2009-09-25,-30,0.14419225634178906,108
HA391K,2009-10-25,0,0.2683127572016461,326
HA391K,2009-11-24,30,0.3562901744719926,388
HA391K,2009-12-24,60,0.3636363636363637,240
HA391K,2010-01-23,90,0.4839449541284404,211
HA391K,2010-02-22,120,0.5315315315315315,118
HA391K,2010-03-24,150,0.6107784431137725,102
HA391K,2010-04-23,180,0.6451612903225806,60
HA391K,2010-05-23,210,0.9054054054054054,67
HA391K,2010-06-22,240,0.8380952380952381,88
HA391K,2010-07-22,270,0.8360655737704918,153
HA391K,2010-08-21,300,0.7715736040609137,152
HA391K,2010-09-20,330,0.7662337662337663,118
HA391K,2010-10-20,360,0.7692307692307693,80
HA391K,2010-11-19,390,0.7164179104477612,96
HA391K,2010-12-19,420,0.8093841642228738,276
HA391K,2011-01-18,450,0.9027522935779816,492
HA391K,2011-02-17,480,0.8823529411764706,375
HA391K,2011-03-19,510,0.8953488372093024,154
HA391K,2011-04-18,540,0.9142857142857144,64
HA391K,2011-05-18,570,1.0,50
HA468N,2010-04-23,-120,0.010752688172043013,1
HA468N,2010-05-23,-90,0.08,6
HA468N,2010-06-22,-60,0.0380952380952381,4
HA468N,2010-07-22,-30,0.07103825136612021,13
HA468N,2010-08-21,0,0.2929292929292929,58
HA468N,2010-09-20,30,0.4025974025974026,62
HA468N,2010-10-20,60,0.4807692307692308,50
HA468N,2010-11-19,90,0.5263157894736842,70
HA468N,2010-12-19,120,0.6451612903225806,220
HA468N,2011-01-18,150,0.6660550458715596,363
HA468N,2011-02-17,180,0.6627358490566038,281
HA468N,2011-03-19,210,0.686046511627907,118
HA468N,2011-04-18,240,0.7142857142857143,50
HA468N,2011-05-18,270,0.74,37
HA468N,2011-06-17,300,0.8082191780821918,59
HA468N,2011-07-17,330,0.8045977011494253,70
HA468N,2011-08-16,360,0.8032786885245902,49
HA468N,2011-09-15,390,0.7352941176470589,25
HA468N,2011-10-15,420,0.8545454545454545,47
HA468N,2011-11-14,450,0.7317073170731707,30
HA468N,2011-12-14,480,0.775,31
HA468N,2012-01-13,510,0.898989898989899,89
HA468N,2012-02-12,540,0.9126984126984128,115
HA468N,2012-03-13,570,0.8880597014925373,119
HA468N,2012-04-12,600,0.9420289855072465,65
HA468N,2012-05-12,630,0.8867924528301887,47
HA468N,2012-06-11,660,0.8311688311688312,64
HA468N,2012-07-11,690,0.9076923076923076,59
HA468N,2012-08-10,720,0.9661016949152542,57
HA468T,2018-02-10,-240,0.03128911138923655,25
HA468T,2018-03-12,-210,0.05547652916073969,39
HA468T,2018-04-11,-180,0.06615776081424936,26
HA468T,2018-05-11,-150,0.1607843137254902,41
HA468T,2018-06-10,-120,0.16172506738544473,60
HA468T,2018-07-10,-90,0.16020671834625322,62
HA468T,2018-08-09,-60,0.19852941176470587,54
HA468T,2018-09-08,-30,0.23825503355704694,71
HA468T,2018-10-08,0,0.2507462686567164,84
HA468T,2018-11-07,30,0.2480106100795756,187
HA468T,2018-12-07,60,0.17223650385604114,201
HA468T,2019-01-06,90,0.11044176706827308,165
HA468T,2019-02-05,120,0.09057437407952873,123
HA468T,2019-03-07,150,0.06442307692307693,67
HA468T,2019-04-06,180,0.0634441087613293,42
HA468T,2019-05-06,210,0.03746397694524496,13
HA516K,2011-06-17,-90,0.0,0
HA516K,2011-07-17,-60,0.057471264367816084,5
HA516K,2011-08-16,-30,0.06557377049180327,4
HA516K,2011-09-15,0,0.2647058823529412,9
HA516K,2011-10-15,30,0.16363636363636366,9
HA516K,2011-11-14,60,0.16666666666666666,7
HA516K,2011-12-14,90,0.05,2
HA537A,2011-11-14,-180,0.023809523809523808,1
HA537A,2011-12-14,-150,0.2,8
HA537A,2012-01-13,-120,0.5631067961165048,58
HA537A,2012-02-12,-90,0.6269841269841271,79
HA537A,2012-03-13,-60,0.6343283582089553,85
HA537A,2012-04-12,-30,0.5652173913043478,39
HA537A,2012-05-12,0,0.3018867924528302,16
HA537A,2012-06-11,30,0.2631578947368421,20
HA537A,2012-07-11,60,0.171875,11
HA537A,2012-08-10,90,0.0847457627118644,5
HA537A,2012-09-09,120,0.2,5
HA537A,2012-10-09,150,0.2727272727272727,12
HA537A,2012-11-08,180,0.1774193548387097,11
HA537A,2012-12-08,210,0.18235294117647055,31
HA537A,2013-01-07,240,0.1661721068249258,56
HA537A,2013-02-06,270,0.12077294685990338,50
HA537A,2013-03-08,300,0.09926470588235294,27
HA537A,2013-04-07,330,0.1223021582733813,17
HA537A,2013-05-07,360,0.09195402298850576,8
HA537A,2013-06-06,390,0.042735042735042736,5
HA537A,2013-07-06,420,0.0594059405940594,6
HA537A,2013-08-05,450,0.01282051282051282,1
HA537A,2017-10-13,-570,0.0365296803652968,8
HA537A,2017-11-12,-540,0.06463878326996197,17
HA537A,2017-12-12,-510,0.053435114503816786,35
HA537A,2018-01-11,-480,0.07863974495217853,74
HA537A,2018-02-10,-450,0.10888610763454318,87
HA537A,2018-03-12,-420,0.12375533428165007,87
HA537A,2018-04-11,-390,0.15776081424936386,62
HA537A,2018-05-11,-360,0.12941176470588234,33
HA537A,2018-06-10,-330,0.1293800539083558,48
HA537A,2018-07-10,-300,0.1731266149870801,67
HA537A,2018-08-09,-270,0.2058823529411765,56
HA537A,2018-09-08,-240,0.18456375838926176,55
HA537A,2018-10-08,-210,0.19701492537313434,66
HA537A,2018-11-07,-180,0.1246684350132626,94
HA537A,2018-12-07,-150,0.10711225364181662,125
HA537A,2019-01-06,-120,0.09832775919732442,147
HA537A,2019-02-05,-90,0.0979381443298969,133
HA537A,2019-03-07,-60,0.16346153846153846,170
HA537A,2019-04-06,-30,0.24659606656580935,163
HA537A,2019-05-06,0,0.2853025936599424,99
HA537A,2019-06-05,30,0.23095238095238094,97
HA537A,2019-07-05,60,0.20905923344947736,60
HA537A,2019-08-04,90,0.18493150684931506,27
HA537A,2019-09-03,120,0.27802690582959644,62
HA537A,2019-10-03,150,0.2641509433962264,84
HA537A,2019-11-02,180,0.27292110874200426,128
HA537A,2019-12-02,210,0.2857142857142857,304
HA537A,2020-01-01,240,0.1984069514844316,274
HA537A,2020-01-31,270,0.12536728697355534,128
NA13I,2014-12-28,-90,0.04098360655737705,5
NA13I,2015-01-27,-60,0.12432432432432433,23
NA13I,2015-02-26,-30,0.14479638009049775,32
NA13I,2015-03-28,0,0.2738853503184713,43
NA13I,2015-04-27,30,0.3619631901840491,59
NA13I,2015-05-27,60,0.4123711340206185,40
NA13I,2015-06-26,90,0.3116883116883117,24
NA13I,2015-07-26,120,0.3015873015873016,19
NA13I,2015-08-25,150,0.4805194805194805,37
NA13I,2015-09-24,180,0.6778523489932886,101
NA13I,2015-10-24,210,0.7593582887700535,142
NA13I,2015-11-23,240,0.8012048192771084,266
NA13I,2015-12-23,270,0.8233034571062741,643
NA13I,2016-01-22,300,0.936010891763104,1375
NA13I,2016-02-21,330,0.942054433713784,1073
NA13I,2016-03-22,360,0.951592356687898,747
NA15I,2010-02-22,-90,0.015,3
NA15I,2010-03-24,-60,0.07142857142857142,11
NA15I,2010-04-23,-30,0.2065217391304348,19
NA15I,2010-05-23,0,0.2894736842105263,22
NA15I,2010-06-22,30,0.26881720430107525,25
NA15I,2010-07-22,60,0.310126582278481,49
NA15I,2010-08-21,90,0.22105263157894736,42
NA15I,2010-09-20,120,0.2043795620437956,28
NA15I,2010-10-20,150,0.12903225806451613,12
NA15I,2010-11-19,180,0.0423728813559322,5
NA23M,2011-09-15,-60,0.0,0
NA23M,2011-10-15,-30,0.42,21
NA23M,2011-11-14,0,0.2727272727272727,9
NA23M,2011-12-14,30,0.10256410256410256,4
NA23M,2012-01-13,60,0.01098901098901099,1
NA34V,2013-03-08,-90,0.03317535545023697,7
NA34V,2013-04-07,-60,0.09,9
NA34V,2013-05-07,-30,0.09836065573770493,6
NA34V,2013-06-06,0,0.26262626262626265,26
NA34V,2013-07-06,30,0.4,30
NA34V,2013-08-05,60,0.5423728813559322,32
NA34V,2013-09-04,90,0.5714285714285714,32
NA34V,2013-10-04,120,0.6451612903225806,60
NA34V,2013-11-03,150,0.8120300751879699,108
NA34V,2013-12-03,180,0.8484848484848485,196
NA34V,2014-01-02,210,0.9569230769230768,311
NA34V,2014-02-01,240,0.9490291262135924,391
NA34V,2014-03-03,270,0.950354609929078,268
NA40T,2019-09-03,-150,0.013761467889908258,3
NA40T,2019-10-03,-120,0.06514657980456026,20
NA40T,2019-11-02,-90,0.06451612903225806,30
NA40T,2019-12-02,-60,0.13203684749232344,129
NA40T,2020-01-01,-30,0.22643097643097645,269
NA40T,2020-01-31,0,0.26063829787234044,245
NA40I,2013-07-06,-210,0.04,3
NA40I,2013-08-05,-180,0.1694915254237288,10
NA40I,2013-09-04,-150,0.21428571428571427,12
NA40I,2013-10-04,-120,0.2043010752688172,19
NA40I,2013-11-03,-90,0.12030075187969926,16
NA40I,2013-12-03,-60,0.14285714285714285,33
NA40I,2014-01-02,-30,0.14153846153846153,46
NA40I,2014-02-01,0,0.30900243309002434,127
NA40I,2014-03-03,30,0.3286219081272085,93
NA40I,2014-04-02,60,0.3795180722891566,63
NA40I,2014-05-02,90,0.5918367346938775,29
NA40I,2014-06-01,120,0.7333333333333333,33
NA40I,2014-07-01,150,0.7,42
NA40I,2014-07-31,180,0.7647058823529411,39
NA40I,2014-08-30,210,0.8611111111111112,31
NA40I,2014-09-29,240,0.9285714285714286,39
NA40I,2014-10-29,270,0.8148148148148148,44
NA40I,2014-11-28,300,0.75,36
NA40I,2014-12-28,330,0.9672131147540984,118
NA41R,2011-06-17,-360,0.0,0
NA41R,2011-07-17,-330,0.06666666666666668,5
NA41R,2011-08-16,-300,0.037037037037037035,2
NA41R,2011-09-15,-270,0.21875,7
NA41R,2011-10-15,-240,0.12,6
NA41R,2011-11-14,-210,0.18181818181818185,6
NA41R,2011-12-14,-180,0.15789473684210525,6
NA41R,2012-01-13,-150,0.5176470588235295,44
NA41R,2012-02-12,-120,0.5825242718446602,60
NA41R,2012-03-13,-90,0.5612244897959183,55
NA41R,2012-04-12,-60,0.4666666666666667,28
NA41R,2012-05-12,-30,0.35135135135135137,13
NA41R,2012-06-11,0,0.2777777777777778,15
NA41R,2012-07-11,30,0.16666666666666666,8
NA41R,2012-08-10,60,0.021739130434782608,1
NA41R,2012-09-09,90,0.21052631578947367,4
NA41R,2012-10-09,120,0.1794871794871795,7
NA41R,2012-11-08,150,0.03636363636363636,2
NA43K,2011-09-15,-60,0.0,0
NA43K,2011-10-15,-30,0.42,21
NA43K,2011-11-14,0,0.2727272727272727,9
NA43K,2011-12-14,30,0.10256410256410256,4
NA43K,2012-01-13,60,0.011235955056179777,1
NA44S,2010-07-22,-180,0.0,0
NA44S,2010-08-21,-150,0.15263157894736842,29
NA44S,2010-09-20,-120,0.17391304347826084,24
NA44S,2010-10-20,-90,0.21505376344086025,20
NA44S,2010-11-19,-60,0.21186440677966098,25
NA44S,2010-12-19,-30,0.21630094043887144,69
NA44S,2011-01-18,0,0.32998324958123953,197
NA44S,2011-02-17,30,0.3509513742071881,166
NA44S,2011-03-19,60,0.38509316770186336,62
NA44S,2011-04-18,90,0.4666666666666667,28
NA44S,2011-05-18,120,0.4736842105263158,18
NA44S,2011-06-17,150,0.5,23
NA44S,2011-07-17,180,0.5866666666666667,44
NA44S,2011-08-16,210,0.6481481481481481,35
NA44S,2011-09-15,240,0.5625,18
NA44S,2011-10-15,270,0.24,12
NA44S,2011-11-14,300,0.30303030303030304,10
NA44S,2011-12-14,330,0.2564102564102564,10
NA44S,2012-01-13,360,0.7586206896551724,66
NA44S,2012-02-12,390,0.7184466019417476,74
NA44S,2012-03-13,420,0.7171717171717171,71
NA44S,2012-04-12,450,0.55,33
NA44S,2012-05-12,480,0.40540540540540543,15
NA44S,2012-06-11,510,0.490566037735849,26
NA44S,2012-07-11,540,0.3125,15
NA44S,2012-08-10,570,0.21739130434782608,10
NA44S,2012-09-09,600,0.3684210526315789,7
NA44S,2012-10-09,630,0.41025641025641024,16
NA44S,2012-11-08,660,0.6,33
NA44S,2012-12-08,690,0.8181818181818182,117
NA44S,2013-01-07,720,0.9346153846153846,243
NA44S,2013-02-06,750,0.9051987767584098,296
NA44S,2013-03-08,780,0.9383886255924172,198
NA44S,2013-04-07,810,0.94,94
NA44S,2013-05-07,840,0.9836065573770492,60
NA51K,2018-09-08,-60,0.02120141342756184,6
NA51K,2018-10-08,-30,0.06070287539936103,19
NA51K,2018-11-07,0,0.2761437908496732,169
NA51K,2018-12-07,30,0.3375931842385517,317
NA51K,2019-01-06,60,0.4436146377893951,594
NA51K,2019-02-05,90,0.4916864608076009,621
NA51K,2019-03-07,120,0.5414201183431953,549
NA51K,2019-04-06,150,0.5577812018489985,362
NA51K,2019-05-06,180,0.6380368098159509,208
NA51K,2019-06-05,210,0.7544757033248082,295
NA51K,2019-07-05,240,0.7942238267148014,220
NA51K,2019-08-04,270,0.7625899280575541,106
NA51K,2019-09-03,300,0.7201834862385321,157
NA51K,2019-10-03,330,0.7882736156351792,242
NA51K,2019-11-02,360,0.7978494623655914,371
NA51K,2019-12-02,390,0.8249744114636642,806
NA51K,2020-01-01,420,0.8990748528174937,1069
NA51K,2020-01-31,450,0.9627659574468084,905
NA52N,2011-05-18,-90,0.02631578947368421,1
NA52N,2011-06-17,-60,0.10638297872340426,5
NA52N,2011-07-17,-30,0.06666666666666668,5
NA52N,2011-08-16,0,0.3148148148148148,17
NA52N,2011-09-15,30,0.09375,3
NA52N,2011-10-15,60,0.06,3
NA52N,2011-11-14,90,0.0,0
NA72I,2017-09-13,-90,0.03289473684210526,5
NA72I,2017-10-13,-60,0.06511627906976744,14
NA72I,2017-11-12,-30,0.09541984732824428,25
NA72I,2017-12-12,0,0.25384615384615383,165
NA72I,2018-01-11,30,0.2394043528064147,209
NA72I,2018-02-10,60,0.22031473533619456,154
NA72I,2018-03-12,90,0.2748447204968944,177
NA72I,2018-04-11,120,0.2386058981233244,89
NA72I,2018-05-11,150,0.13709677419354838,34
NA72I,2018-06-10,180,0.1855670103092784,72
NA72I,2018-07-10,210,0.1988472622478386,69
NA72I,2018-08-09,240,0.2307692307692308,57
NA72I,2018-09-08,270,0.2226148409893993,63
NA72I,2018-10-08,300,0.13099041533546327,41
NA72I,2018-11-07,330,0.09983633387888707,61
NA72I,2018-12-07,360,0.17891373801916932,168
NA72I,2019-01-06,390,0.14787154592979834,198
NA72I,2019-02-05,420,0.1543942992874109,195
NA72I,2019-03-07,450,0.13214990138067062,134
NA72I,2019-04-06,480,0.06779661016949153,44
NA72I,2019-05-06,510,0.033742331288343565,11
NA74S,2018-09-08,-60,0.01773049645390071,5
NA74S,2018-10-08,-30,0.051118210862619806,16
NA74S,2018-11-07,0,0.2549019607843137,156
NA74S,2018-12-07,30,0.3077742279020234,289
NA74S,2019-01-06,60,0.3949139865370232,528
NA74S,2019-02-05,90,0.4513064133016627,570
NA74S,2019-03-07,120,0.52465483234714,532
NA74S,2019-04-06,150,0.5500770416024653,357
NA74S,2019-05-06,180,0.6411042944785276,209
NA74S,2019-06-05,210,0.7468030690537084,292
NA74S,2019-07-05,240,0.8050541516245487,223
NA74S,2019-08-04,270,0.7625899280575541,106
NA74S,2019-09-03,300,0.7155963302752294,156
NA74S,2019-10-03,330,0.7915309446254072,243
NA74S,2019-11-02,360,0.8,372
NA74S,2019-12-02,390,0.8239508700102354,805
NA74S,2020-01-01,420,0.8999158957106812,1070
NA74S,2020-01-31,450,0.9638297872340426,906
NA81A,2017-04-16,-60,0.027027027027027032,4
NA81A,2017-05-16,-30,0.10555555555555557,19
NA81A,2017-06-15,0,0.34057971014492755,47
NA81A,2017-07-15,30,0.3360655737704918,41
NA81A,2017-08-14,60,0.624,78
NA81A,2017-09-13,90,0.6578947368421053,100
NA81A,2017-10-13,120,0.7534883720930232,162
NA81A,2017-11-12,150,0.8473282442748091,222
NA81A,2017-12-12,180,0.8923076923076924,580
NA81A,2018-01-11,210,0.9553264604810996,834
NA82P,2011-05-18,-90,0.02631578947368421,1
NA82P,2011-06-17,-60,0.10638297872340426,5
NA82P,2011-07-17,-30,0.06666666666666668,5
NA82P,2011-08-16,0,0.2962962962962963,16
NA82P,2011-09-15,30,0.09375,3
NA82P,2011-10-15,60,0.06,3
NA82P,2011-11-14,90,0.030303030303030307,1
NA82P,2013-09-04,-60,0.03571428571428571,2
NA82P,2013-10-04,-30,0.22340425531914893,21
NA82P,2013-11-03,0,0.2556390977443609,34
NA82P,2013-12-03,30,0.3636363636363637,84
NA82P,2014-01-02,60,0.4215384615384615,137
NA82P,2014-02-01,90,0.4150485436893204,171
NA82P,2014-03-03,120,0.3392226148409894,96
NA82P,2014-04-02,150,0.3373493975903614,56
NA82P,2014-05-02,180,0.16326530612244894,8
NA82P,2014-06-01,210,0.1111111111111111,5
NA82P,2014-07-01,240,0.08333333333333333,5
NA82P,2014-07-31,270,0.09615384615384616,5
NA82P,2014-08-30,300,0.0,0
NA85I,2011-09-15,-60,0.0,0
NA85I,2011-10-15,-30,0.42,21
NA85I,2011-11-14,0,0.2727272727272727,9
NA85I,2011-12-14,30,0.10256410256410256,4
NA85I,2012-01-13,60,0.01098901098901099,1
NA93H,2017-07-15,-120,0.04098360655737705,5
NA93H,2017-08-14,-90,0.08800000000000001,11
NA93H,2017-09-13,-60,0.13815789473684212,21
NA93H,2017-10-13,-30,0.15348837209302327,33
NA93H,2017-11-12,0,0.2519083969465649,66
NA93H,2017-12-12,30,0.2246153846153846,146
NA93H,2018-01-11,60,0.22107674684994272,193
NA93H,2018-02-10,90,0.16165951359084407,113
NA93H,2018-03-12,120,0.16744186046511628,108
NA93H,2018-04-11,150,0.1443850267379679,54
NA93H,2018-05-11,180,0.13654618473895586,34
NA93H,2018-06-10,210,0.1855670103092784,72
NA93H,2018-07-10,240,0.1844380403458213,64
NA93H,2018-08-09,270,0.15384615384615385,38
NA93H,2018-09-08,300,0.15547703180212016,44
NA93H,2018-10-08,330,0.17307692307692307,54
NA93H,2018-11-07,360,0.12254901960784312,75
NA93H,2018-12-07,390,0.07561235356762512,71
NA93H,2019-01-06,420,0.05680119581464872,76
NA93H,2019-02-05,450,0.04829770387965162,61
NA106V,2011-11-14,-330,0.030303030303030307,1
NA106V,2011-12-14,-300,0.05128205128205128,2
NA106V,2012-01-13,-270,0.04444444444444445,4
NA106V,2012-02-12,-240,0.07766990291262135,8
NA106V,2012-03-13,-210,0.101010101010101,10
NA106V,2012-04-12,-180,0.08333333333333333,5
NA106V,2012-05-12,-150,0.054054054054054064,2
NA106V,2012-06-11,-120,0.037037037037037035,2
NA106V,2012-07-11,-90,0.10416666666666667,5
NA106V,2012-08-10,-60,0.2391304347826087,11
NA106V,2012-09-09,-30,0.21052631578947367,4
NA106V,2012-10-09,0,0.3333333333333333,13
NA106V,2012-11-08,30,0.5818181818181818,32
NA106V,2012-12-08,60,0.7902097902097902,113
NA106V,2013-01-07,90,0.8927203065134101,233
NA106V,2013-02-06,120,0.9174311926605504,300
NA106V,2013-03-08,150,0.9478672985781992,200
NA106V,2013-04-07,180,0.93,93
NA106V,2013-05-07,210,0.9836065573770492,60
NA106V,2013-06-06,240,0.9494949494949496,94
NA106V,2013-07-06,270,0.9733333333333334,73
NA106V,2013-08-05,300,0.9152542372881356,54
NA106V,2013-09-04,330,1.0,56
NA117M,2014-05-02,-90,0.020408163265306117,1
NA117M,2014-06-01,-60,0.1111111111111111,5
NA117M,2014-07-01,-30,0.2333333333333333,14
NA117M,2014-07-31,0,0.29411764705882354,15
NA117M,2014-08-30,30,0.2777777777777778,10
NA117M,2014-09-29,60,0.5952380952380952,25
NA117M,2014-10-29,90,0.4814814814814815,26
NA117M,2014-11-28,120,0.5,24
NA117M,2014-12-28,150,0.6885245901639344,84
NA117M,2015-01-27,180,0.6363636363636364,119
NA117M,2015-02-26,210,0.5294117647058824,117
NA117M,2015-03-28,240,0.4840764331210191,76
NA117M,2015-04-27,270,0.3680981595092024,60
NA117M,2015-05-27,300,0.4329896907216495,42
NA117M,2015-06-26,330,0.4936708860759494,39
NA117M,2015-07-26,360,0.5714285714285714,36
NA117M,2015-08-25,390,0.2435897435897436,19
NA117M,2015-09-24,420,0.2483221476510067,37
NA117M,2015-10-24,450,0.18716577540106952,35
NA117M,2015-11-23,480,0.10240963855421686,34
NA117M,2015-12-23,510,0.057471264367816084,45
NA117M,2016-01-22,540,0.027155465037338764,40
NA188T,2016-11-17,-90,0.008620689655172414,1
NA188T,2016-12-17,-60,0.05833333333333333,7
NA188T,2017-01-16,-30,0.1583710407239819,35
NA188T,2017-02-15,0,0.29310344827586204,51
NA188T,2017-03-17,30,0.5510204081632653,81
NA188T,2017-04-16,60,0.6666666666666666,98
NA188T,2017-05-16,90,0.8444444444444444,152
NA188T,2017-06-15,120,0.8102189781021898,111
NA188T,2017-07-15,150,0.8114754098360656,99
NA188T,2017-08-14,180,0.8320000000000001,104
NA188T,2017-09-13,210,0.9407894736842104,143
NA188T,2017-10-13,240,0.9255813953488372,199
NA188T,2017-11-12,270,0.9122137404580152,239
NA188T,2017-12-12,300,0.936923076923077,609
NA188T,2018-01-11,330,0.9415807560137456,822
NA188T,2018-02-10,360,0.9670958512160228,676
NA189S,2010-02-22,-90,0.0,0
NA189S,2010-03-24,-60,0.05844155844155844,9
NA189S,2010-04-23,-30,0.18478260869565216,17
NA189S,2010-05-23,0,0.26666666666666666,20
NA189S,2010-06-22,30,0.2903225806451613,27
NA189S,2010-07-22,60,0.310126582278481,49
NA189S,2010-08-21,90,0.22105263157894736,42
NA189S,2010-09-20,120,0.21739130434782608,30
NA189S,2010-10-20,150,0.10869565217391304,10
NA189S,2010-11-19,180,0.05084745762711865,6
NA189S,2010-12-19,210,0.03761755485893417,12
NA200S,2012-07-11,-90,0.04166666666666666,2
NA200S,2012-08-10,-60,0.15217391304347827,7
NA200S,2012-09-09,-30,0.21052631578947367,4
NA200S,2012-10-09,0,0.3076923076923077,12
NA200S,2012-11-08,30,0.5454545454545454,30
NA200S,2012-12-08,60,0.7762237762237763,111
NA200S,2013-01-07,90,0.8659003831417624,226
NA200S,2013-02-06,120,0.8960244648318043,293
NA200S,2013-03-08,150,0.924170616113744,195
NA200S,2013-04-07,180,0.91,91
NA200S,2013-05-07,210,0.9672131147540984,59
NA200S,2013-06-06,240,0.9292929292929292,92
NA200S,2013-07-06,270,0.8666666666666667,65
NA200S,2013-08-05,300,0.8474576271186439,50
NA200S,2013-09-04,330,0.9107142857142856,51
NA200S,2013-10-04,360,0.9784946236559141,91
NA221S,2017-02-15,-60,0.02298850574712644,4
NA221S,2017-03-17,-30,0.08843537414965986,13
NA221S,2017-04-16,0,0.25,37
NA221S,2017-05-16,30,0.10555555555555557,19
NA221S,2017-06-15,60,0.05797101449275361,8
NA221S,2017-07-15,90,0.11475409836065575,14
NA221S,2017-08-14,120,0.055999999999999994,7
NA221S,2017-09-13,150,0.006578947368421052,1
NA221S,2017-10-13,180,0.05116279069767442,11
NA221S,2017-11-12,210,0.03053435114503817,8
NA241I,2010-04-23,-120,0.010869565217391304,1
NA241I,2010-05-23,-90,0.06666666666666668,5
NA241I,2010-06-22,-60,0.03225806451612903,3
NA241I,2010-07-22,-30,0.0759493670886076,12
NA241I,2010-08-21,0,0.2684210526315789,51
NA241I,2010-09-20,30,0.34306569343065696,47
NA241I,2010-10-20,60,0.5,46
NA241I,2010-11-19,90,0.5932203389830508,70
NA241I,2010-12-19,120,0.7460815047021944,238
NA241I,2011-01-18,150,0.7588532883642496,450
NA241I,2011-02-17,180,0.7547568710359408,357
NA241I,2011-03-19,210,0.7701863354037267,124
NA241I,2011-04-18,240,0.7166666666666667,43
NA241I,2011-05-18,270,0.8421052631578947,32
NA241I,2011-06-17,300,0.9148936170212766,43
NA241I,2011-07-17,330,0.8933333333333333,67
NA241I,2011-08-16,360,0.8888888888888888,48
NA241I,2011-09-15,390,0.71875,23
NA241I,2011-10-15,420,0.84,42
NA241I,2011-11-14,450,0.9696969696969696,32
NA264I,2014-04-02,-60,0.012048192771084338,2
NA264I,2014-05-02,-30,0.1020408163265306,5
NA264I,2014-06-01,0,0.3333333333333333,15
NA264I,2014-07-01,30,0.2333333333333333,14
NA264I,2014-07-31,60,0.3269230769230769,17
NA264I,2014-08-30,90,0.3611111111111111,13
NA264I,2014-09-29,120,0.2857142857142857,12
NA264I,2014-10-29,150,0.25925925925925924,14
NA264I,2014-11-28,180,0.20833333333333331,10
NA264I,2014-12-28,210,0.2377049180327869,29
NA264I,2015-01-27,240,0.3155080213903743,59
NA264I,2015-02-26,270,0.3981900452488688,88
NA264I,2015-03-28,300,0.4585987261146497,72
NA264I,2015-04-27,330,0.5521472392638037,90
NA264I,2015-05-27,360,0.4742268041237113,46
NA264I,2015-06-26,390,0.4177215189873418,33
NA264I,2015-07-26,420,0.4126984126984127,26
NA264I,2015-08-25,450,0.6282051282051282,49
NA264I,2015-09-24,480,0.7181208053691275,107
NA264I,2015-10-24,510,0.7700534759358288,144
NA264I,2015-11-23,540,0.8825301204819277,293
NA264I,2015-12-23,570,0.9220945083014048,722
NA264I,2016-01-22,600,0.9585879158180584,1412
NA270K,2014-04-02,-60,0.0,0
NA270K,2014-05-02,-30,0.1020408163265306,5
NA270K,2014-06-01,0,0.3333333333333333,15
NA270K,2014-07-01,30,0.2333333333333333,14
NA270K,2014-07-31,60,0.3269230769230769,17
NA270K,2014-08-30,90,0.3611111111111111,13
NA270K,2014-09-29,120,0.2857142857142857,12
NA270K,2014-10-29,150,0.2777777777777778,15
NA270K,2014-11-28,180,0.20833333333333331,10
NA270K,2014-12-28,210,0.2377049180327869,29
NA270K,2015-01-27,240,0.3155080213903743,59
NA270K,2015-02-26,270,0.3936651583710407,87
NA270K,2015-03-28,300,0.445859872611465,70
NA270K,2015-04-27,330,0.5460122699386503,89
NA270K,2015-05-27,360,0.4791666666666667,46
NA270K,2015-06-26,390,0.4025974025974026,31
NA270K,2015-07-26,420,0.3968253968253968,25
NA270K,2015-08-25,450,0.6282051282051282,49
NA270K,2015-09-24,480,0.7114093959731543,106
NA270K,2015-10-24,510,0.7700534759358288,144
NA270K,2015-11-23,540,0.8825301204819277,293
NA270K,2015-12-23,570,0.9258312020460358,724
NA270K,2016-01-22,600,0.9620081411126188,1418
NA313R,2017-04-16,-120,0.0,0
NA313R,2017-05-16,-90,0.05555555555555555,10
NA313R,2017-06-15,-60,0.09420289855072464,13
NA313R,2017-07-15,-30,0.12295081967213115,15
NA313R,2017-08-14,0,0.264,33
NA313R,2017-09-13,30,0.21710526315789475,33
NA313R,2017-10-13,60,0.15348837209302327,33
NA313R,2017-11-12,90,0.04580152671755725,12
NA314M,2014-12-28,-90,0.049180327868852465,6
NA314M,2015-01-27,-60,0.12299465240641712,23
NA314M,2015-02-26,-30,0.14479638009049775,32
NA314M,2015-03-28,0,0.2738853503184713,43
NA314M,2015-04-27,30,0.34355828220858897,56
NA314M,2015-05-27,60,0.4123711340206185,40
NA314M,2015-06-26,90,0.3164556962025317,25
NA314M,2015-07-26,120,0.3015873015873016,19
NA314M,2015-08-25,150,0.4358974358974359,34
NA314M,2015-09-24,180,0.6778523489932886,101
NA314M,2015-10-24,210,0.7433155080213903,139
NA314M,2015-11-23,240,0.7861445783132529,261
NA314M,2015-12-23,270,0.8186462324393359,641
NA314M,2016-01-22,300,0.9375848032564449,1382
NA314M,2016-02-21,330,0.9382071366405571,1078
NA314M,2016-03-22,360,0.9254108723135273,732
NA314M,2016-04-21,390,0.942652329749104,526
NA314M,2016-05-21,420,0.9539170506912442,207
NA329H,2011-09-15,-60,0.03125,1
NA329H,2011-10-15,-30,0.44,22
NA329H,2011-11-14,0,0.2727272727272727,9
NA329H,2011-12-14,30,0.10256410256410256,4
NA329H,2012-01-13,60,0.01098901098901099,1
NA365T,2014-09-29,-60,0.0,0
NA365T,2014-10-29,-30,0.14814814814814814,8
NA365T,2014-11-28,0,0.2916666666666667,14
NA365T,2014-12-28,30,0.6065573770491803,74
NA365T,2015-01-27,60,0.5828877005347594,109
NA365T,2015-02-26,90,0.4886877828054298,108
NA365T,2015-03-28,120,0.4522292993630573,71
NA365T,2015-04-27,150,0.3496932515337423,57
NA365T,2015-05-27,180,0.3711340206185567,36
NA365T,2015-06-26,210,0.4050632911392405,32
NA365T,2015-07-26,240,0.5555555555555556,35
NA365T,2015-08-25,270,0.19230769230769232,15
NA365T,2015-09-24,300,0.1812080536912752,27
NA365T,2015-10-24,330,0.12834224598930485,24
NA365T,2015-11-23,360,0.04819277108433735,16
NA369K,2010-04-23,-120,0.010869565217391304,1
NA369K,2010-05-23,-90,0.05263157894736842,4
NA369K,2010-06-22,-60,0.010752688172043013,1
NA369K,2010-07-22,-30,0.05063291139240506,8
NA369K,2010-08-21,0,0.2789473684210526,53
NA369K,2010-09-20,30,0.36764705882352944,50
NA369K,2010-10-20,60,0.5217391304347826,48
NA369K,2010-11-19,90,0.5897435897435898,69
NA369K,2010-12-19,120,0.7523510971786834,240
NA369K,2011-01-18,150,0.7663865546218488,456
NA369K,2011-02-17,180,0.7505285412262156,355
NA369K,2011-03-19,210,0.7701863354037267,124
NA369K,2011-04-18,240,0.7413793103448276,43
NA369K,2011-05-18,270,0.8421052631578947,32
NA369K,2011-06-17,300,0.9148936170212766,43
NA369K,2011-07-17,330,0.8904109589041096,65
NA369K,2011-08-16,360,0.925925925925926,50
NA369K,2011-09-15,390,0.75,24
NA369K,2011-10-15,420,0.84,42
NA369K,2011-11-14,450,0.9696969696969696,32
NA386S,2011-04-18,-360,0.016666666666666666,1
NA386S,2011-05-18,-330,0.07894736842105263,3
NA386S,2011-06-17,-300,0.1702127659574468,8
NA386S,2011-07-17,-270,0.36,27
NA386S,2011-08-16,-240,0.1111111111111111,6
NA386S,2011-09-15,-210,0.125,4
NA386S,2011-10-15,-180,0.02,1
NA386S,2011-11-14,-150,0.060606060606060615,2
NA386S,2011-12-14,-120,0.35897435897435903,14
NA386S,2012-01-13,-90,0.10989010989010987,10
NA386S,2012-02-12,-60,0.1650485436893204,17
NA386S,2012-03-13,-30,0.17346938775510204,17
NA386S,2012-04-12,0,0.26666666666666666,16
NA386S,2012-05-12,30,0.2432432432432433,9
NA386S,2012-06-11,60,0.16666666666666666,9
NA386S,2012-07-11,90,0.5,24
NA386S,2012-08-10,120,0.1956521739130435,9
NA386S,2012-09-09,150,0.2631578947368421,5
NA386S,2012-10-09,180,0.2307692307692308,9
NA386S,2012-11-08,210,0.2545454545454545,14
NA386S,2012-12-08,240,0.1258741258741259,18
NA386S,2013-01-07,270,0.0421455938697318,11
NA386K,2013-08-05,-90,0.03389830508474576,2
NA386K,2013-09-04,-60,0.05357142857142857,3
NA386K,2013-10-04,-30,0.1276595744680851,12
NA386K,2013-11-03,0,0.2556390977443609,34
NA386K,2013-12-03,30,0.2608695652173913,60
NA386K,2014-01-02,60,0.44,143
NA386K,2014-02-01,90,0.5825242718446602,240
NA386K,2014-03-03,120,0.6466431095406361,183
NA386K,2014-04-02,150,0.6807228915662651,113
NA386K,2014-05-02,180,0.7551020408163265,37
NA386K,2014-06-01,210,0.8888888888888888,40
NA386K,2014-07-01,240,0.7333333333333333,44
NA386K,2014-07-31,270,0.9230769230769232,48
NA386K,2014-08-30,300,0.9444444444444444,34
NA386K,2014-09-29,330,0.9523809523809524,40
NA386K,2014-10-29,360,0.925925925925926,50
NA386K,2014-11-28,390,0.8125,39
NA386K,2014-12-28,420,0.9836065573770492,120
NA389K,2018-11-07,-120,0.0196078431372549,12
NA389K,2018-12-07,-90,0.055378061767838126,52
NA389K,2019-01-06,-60,0.13598797896318554,181
NA389K,2019-02-05,-30,0.22044728434504796,276
NA389K,2019-03-07,0,0.3143712574850299,315
NA389K,2019-04-06,30,0.3808049535603715,246
NA389K,2019-05-06,60,0.558282208588957,182
NA389K,2019-06-05,90,0.6494845360824743,252
NA389K,2019-07-05,120,0.7725631768953068,214
NA389K,2019-08-04,150,0.7266187050359713,101
NA389K,2019-09-03,180,0.7018348623853211,153
NA389K,2019-10-03,210,0.7654723127035831,235
NA389K,2019-11-02,240,0.7978494623655914,371
NA389K,2019-12-02,270,0.8208802456499488,802
NA389K,2020-01-01,300,0.9074852817493692,1079
NA389K,2020-01-31,330,0.9648936170212766,907
NA397K,2013-05-07,-150,0.016393442622950817,1
NA397K,2013-06-06,-120,0.12121212121212123,12
NA397K,2013-07-06,-90,0.09333333333333334,7
NA397K,2013-08-05,-60,0.1016949152542373,6
NA397K,2013-09-04,-30,0.21428571428571427,12
NA397K,2013-10-04,0,0.26595744680851063,25
NA397K,2013-11-03,30,0.3157894736842105,42
NA397K,2013-12-03,60,0.43478260869565216,100
NA397K,2014-01-02,90,0.4492307692307692,146
NA397K,2014-02-01,120,0.29854368932038833,123
NA397K,2014-03-03,150,0.22968197879858654,65
NA397K,2014-04-02,180,0.15060240963855426,25
NA397K,2014-05-02,210,0.16326530612244894,8
NA397K,2014-06-01,240,0.06666666666666668,3
NA397K,2014-07-01,270,0.11666666666666667,7
NA397K,2014-07-31,300,0.0576923076923077,3
NA397K,2014-08-30,330,0.05555555555555555,2
NA397K,2014-09-29,360,0.047619047619047616,2
NA416N,2017-09-13,-90,0.03289473684210526,5
NA416N,2017-10-13,-60,0.09302325581395347,20
NA416N,2017-11-12,-30,0.19083969465648856,50
NA416N,2017-12-12,0,0.2923076923076923,190
NA416N,2018-01-11,30,0.2943871706758305,257
NA416N,2018-02-10,60,0.32474964234620884,227
NA416N,2018-03-12,90,0.3751937984496124,242
NA416N,2018-04-11,120,0.37433155080213903,140
NA416N,2018-05-11,150,0.2248995983935743,56
NA416N,2018-06-10,180,0.2422680412371134,94
NA416N,2018-07-10,210,0.30835734870317005,107
NA416N,2018-08-09,240,0.32926829268292684,81
NA416N,2018-09-08,270,0.3333333333333333,94
NA416N,2018-10-08,300,0.2971246006389776,93
NA416N,2018-11-07,330,0.44098360655737706,269
NA416N,2018-12-07,360,0.5405117270788913,507
NA416N,2019-01-06,390,0.6201492537313433,831
NA416N,2019-02-05,420,0.6682501979414094,844
NA416N,2019-03-07,450,0.7307692307692307,741
NA416N,2019-04-06,480,0.7288135593220338,473
NA416N,2019-05-06,510,0.7484662576687117,244
NA416N,2019-06-05,540,0.7692307692307693,300
NA416N,2019-07-05,570,0.8122743682310469,225
NA416N,2019-08-04,600,0.7913669064748201,110
NA416N,2019-09-03,630,0.7339449541284404,160
NA416N,2019-10-03,660,0.8143322475570033,250
NA416N,2019-11-02,690,0.8043010752688172,374
NA416N,2019-12-02,720,0.8239508700102354,805
NA416N,2020-01-01,750,0.9108494533221194,1083
NA416N,2020-01-31,780,0.9638297872340426,906
NA432E,2013-03-08,-90,0.03791469194312797,8
NA432E,2013-04-07,-60,0.09,9
NA432E,2013-05-07,-30,0.09836065573770493,6
NA432E,2013-06-06,0,0.2525252525252525,25
NA432E,2013-07-06,30,0.4,30
NA432E,2013-08-05,60,0.5423728813559322,32
NA432E,2013-09-04,90,0.5714285714285714,32
NA432E,2013-10-04,120,0.6702127659574468,63
NA432E,2013-11-03,150,0.8345864661654135,111
NA432E,2013-12-03,180,0.8571428571428571,198
NA432E,2014-01-02,210,0.953846153846154,310
NA451G,2011-10-15,-180,0.0,0
NA451G,2011-11-14,-150,0.060606060606060615,2
NA451G,2011-12-14,-120,0.38461538461538464,15
NA451G,2012-01-13,-90,0.14285714285714285,13
NA451G,2012-02-12,-60,0.17647058823529413,18
NA451G,2012-03-13,-30,0.1717171717171717,17
NA451G,2012-04-12,0,0.2833333333333333,17
NA451G,2012-05-12,30,0.2432432432432433,9
NA451G,2012-06-11,60,0.18867924528301888,10
NA451G,2012-07-11,90,0.375,18
NA451G,2012-08-10,120,0.15217391304347827,7
NA451G,2012-09-09,150,0.2631578947368421,5
NA451G,2012-10-09,180,0.2564102564102564,10
NA451G,2012-11-08,210,0.2545454545454545,14
NA451G,2012-12-08,240,0.13286713286713284,19
NA451G,2013-01-07,270,0.0421455938697318,11
NA452I,2018-09-08,-60,0.02836879432624113,8
NA452I,2018-10-08,-30,0.06070287539936103,19
NA452I,2018-11-07,0,0.27823240589198034,170
NA452I,2018-12-07,30,0.3429179978700745,322
NA452I,2019-01-06,60,0.445440956651719,596
NA452I,2019-02-05,90,0.492063492063492,620
NA452I,2019-03-07,120,0.5440158259149357,550
NA452I,2019-04-06,150,0.5577812018489985,362
NA452I,2019-05-06,180,0.6380368098159509,208
NA452I,2019-06-05,210,0.7532133676092545,293
NA452I,2019-07-05,240,0.8014440433212996,222
NA452I,2019-08-04,270,0.7697841726618705,107
NA452I,2019-09-03,300,0.7201834862385321,157
NA452I,2019-10-03,330,0.7947882736156352,244
NA452I,2019-11-02,360,0.8021505376344086,373
NA452I,2019-12-02,390,0.8239508700102354,805
NA452I,2020-01-01,420,0.905803195962994,1077
NA452I,2020-01-31,450,0.9627659574468084,905
